page	image
https://lurchprint.de/	https://lurchprint.de/wp-content/uploads/LurchPrint_logo.webp
https://lurchprint.de/	https://lurchprint.de/wp-content/uploads/favicon-150x150.webp
https://lurchprint.de/	https://lurchprint.de/wp-content/uploads/favicon.webp
https://lurchprint.de/	https://lurchprint.de/wp-content/uploads/Lukas.webp
https://lurchprint.de/	https://lurchprint.de/wp-content/uploads/buchcover.webp
https://lurchprint.de/	https://lurchprint.de/wp-content/uploads/kind_01.webp
https://lurchprint.de/	https://lurchprint.de/wp-content/uploads/Logo.webp
https://lurchprint.de/das-kind-mit-der-roten-muetze/	https://lurchprint.de/wp-content/uploads/LurchPrint_logo.webp
https://lurchprint.de/das-kind-mit-der-roten-muetze/	https://lurchprint.de/wp-content/uploads/favicon-150x150.webp
https://lurchprint.de/das-kind-mit-der-roten-muetze/	https://lurchprint.de/wp-content/uploads/favicon.webp
https://lurchprint.de/das-kind-mit-der-roten-muetze/	https://lurchprint.de/wp-content/uploads/buchcover.webp
https://lurchprint.de/das-kind-mit-der-roten-muetze/	https://lurchprint.de/wp-content/uploads/dkmdrm_foto_02.webp
https://lurchprint.de/das-kind-mit-der-roten-muetze/	https://lurchprint.de/wp-content/uploads/vorwort_dkmdrm.webp
https://lurchprint.de/das-kind-mit-der-roten-muetze/	https://lurchprint.de/wp-content/uploads/vorschau_01_dkmdrm.webp
https://lurchprint.de/das-kind-mit-der-roten-muetze/	https://lurchprint.de/wp-content/uploads/vorschau_02_dkmdrm.webp
https://lurchprint.de/das-kind-mit-der-roten-muetze/	https://lurchprint.de/wp-content/uploads/dkmdrm_foto_01.webp
https://lurchprint.de/das-kind-mit-der-roten-muetze/	https://lurchprint.de/wp-content/uploads/DHL_Logo-300.webp
https://lurchprint.de/episoden-von-alatar-und-dem-tannhaeuser-tor/	https://lurchprint.de/wp-content/uploads/LurchPrint_logo.webp
https://lurchprint.de/episoden-von-alatar-und-dem-tannhaeuser-tor/	https://lurchprint.de/wp-content/uploads/favicon-150x150.webp
https://lurchprint.de/episoden-von-alatar-und-dem-tannhaeuser-tor/	https://lurchprint.de/wp-content/uploads/favicon.webp
https://lurchprint.de/episoden-von-alatar-und-dem-tannhaeuser-tor/	https://lurchprint.de/wp-content/uploads/IMG_0245.webp
https://lurchprint.de/episoden-von-alatar-und-dem-tannhaeuser-tor/	https://lurchprint.de/wp-content/uploads/Cover-Front.webp
https://lurchprint.de/episoden-von-alatar-und-dem-tannhaeuser-tor/	https://lurchprint.de/wp-content/uploads/Cover-Ruecken.webp
https://lurchprint.de/episoden-von-alatar-und-dem-tannhaeuser-tor/	https://lurchprint.de/wp-content/uploads/DHL_Logo-300.webp
