file	bytes	source
000-Cover-Front-1200.webp	143046	https://lurchprint.de/wp-content/uploads/./Cover-Front-1200.webp
001-Cover-Front-150x150.webp	5694	https://lurchprint.de/wp-content/uploads/./Cover-Front-150x150.webp
002-Cover-Front-300.webp	20110	https://lurchprint.de/wp-content/uploads/./Cover-Front-300.webp
003-Cover-Front-600.webp	57616	https://lurchprint.de/wp-content/uploads/./Cover-Front-600.webp
004-Cover-Ruecken-1200.webp	177954	https://lurchprint.de/wp-content/uploads/./Cover-Ruecken-1200.webp
005-Cover-Ruecken-150x150.webp	5376	https://lurchprint.de/wp-content/uploads/./Cover-Ruecken-150x150.webp
006-Cover-Ruecken-300.webp	22702	https://lurchprint.de/wp-content/uploads/./Cover-Ruecken-300.webp
007-Cover-Ruecken-600.webp	67328	https://lurchprint.de/wp-content/uploads/./Cover-Ruecken-600.webp
009-DHL_Logo-300.webp	2692	https://lurchprint.de/wp-content/uploads/./DHL_Logo-300.webp
010-IMG_0245-1200.webp	151834	https://lurchprint.de/wp-content/uploads/./IMG_0245-1200.webp
011-IMG_0245-150x150.webp	6196	https://lurchprint.de/wp-content/uploads/./IMG_0245-150x150.webp
012-IMG_0245-300.webp	22904	https://lurchprint.de/wp-content/uploads/./IMG_0245-300.webp
013-IMG_0245-600.webp	65348	https://lurchprint.de/wp-content/uploads/./IMG_0245-600.webp
014-Logo-150x150.webp	9958	https://lurchprint.de/wp-content/uploads/./Logo-150x150.webp
015-Logo-300.webp	17682	https://lurchprint.de/wp-content/uploads/./Logo-300.webp
016-Logo-600.webp	44806	https://lurchprint.de/wp-content/uploads/./Logo-600.webp
017-Lukas-150x150.webp	5284	https://lurchprint.de/wp-content/uploads/./Lukas-150x150.webp
018-Lukas-300.webp	16664	https://lurchprint.de/wp-content/uploads/./Lukas-300.webp
019-Lukas-600.webp	43108	https://lurchprint.de/wp-content/uploads/./Lukas-600.webp
020-LurchPrint_logo-1200.webp	13912	https://lurchprint.de/wp-content/uploads/./LurchPrint_logo-1200.webp
022-LurchPrint_logo-300.webp	3578	https://lurchprint.de/wp-content/uploads/./LurchPrint_logo-300.webp
023-LurchPrint_logo-600.webp	6842	https://lurchprint.de/wp-content/uploads/./LurchPrint_logo-600.webp
024-buchcover-1200.webp	138396	https://lurchprint.de/wp-content/uploads/./buchcover-1200.webp
025-buchcover-150x150.webp	5566	https://lurchprint.de/wp-content/uploads/./buchcover-150x150.webp
026-buchcover-300.webp	14766	https://lurchprint.de/wp-content/uploads/./buchcover-300.webp
027-buchcover-600.webp	42958	https://lurchprint.de/wp-content/uploads/./buchcover-600.webp
028-dkmdrm_foto_01-1200.webp	207812	https://lurchprint.de/wp-content/uploads/./dkmdrm_foto_01-1200.webp
029-dkmdrm_foto_01-150x150.webp	6938	https://lurchprint.de/wp-content/uploads/./dkmdrm_foto_01-150x150.webp
030-dkmdrm_foto_01-300.webp	23284	https://lurchprint.de/wp-content/uploads/./dkmdrm_foto_01-300.webp
031-dkmdrm_foto_01-600.webp	74816	https://lurchprint.de/wp-content/uploads/./dkmdrm_foto_01-600.webp
032-dkmdrm_foto_02-1200.webp	218220	https://lurchprint.de/wp-content/uploads/./dkmdrm_foto_02-1200.webp
033-dkmdrm_foto_02-150x150.webp	7678	https://lurchprint.de/wp-content/uploads/./dkmdrm_foto_02-150x150.webp
034-dkmdrm_foto_02-300.webp	27094	https://lurchprint.de/wp-content/uploads/./dkmdrm_foto_02-300.webp
035-dkmdrm_foto_02-600.webp	87318	https://lurchprint.de/wp-content/uploads/./dkmdrm_foto_02-600.webp
036-kind_01-1200.webp	295802	https://lurchprint.de/wp-content/uploads/./kind_01-1200.webp
037-kind_01-150x150.webp	7442	https://lurchprint.de/wp-content/uploads/./kind_01-150x150.webp
038-kind_01-300.webp	27160	https://lurchprint.de/wp-content/uploads/./kind_01-300.webp
039-kind_01-600.webp	92674	https://lurchprint.de/wp-content/uploads/./kind_01-600.webp
040-signal-2026-03-19-125231-1200.webp	106136	https://lurchprint.de/wp-content/uploads/./signal-2026-03-19-125231-1200.webp
041-signal-2026-03-19-125231-150x150.webp	3304	https://lurchprint.de/wp-content/uploads/./signal-2026-03-19-125231-150x150.webp
042-signal-2026-03-19-125231-300.webp	12852	https://lurchprint.de/wp-content/uploads/./signal-2026-03-19-125231-300.webp
043-signal-2026-03-19-125231-600.webp	35542	https://lurchprint.de/wp-content/uploads/./signal-2026-03-19-125231-600.webp
044-vorschau_01_dkmdrm-1200.webp	102830	https://lurchprint.de/wp-content/uploads/./vorschau_01_dkmdrm-1200.webp
045-vorschau_01_dkmdrm-150x150.webp	4682	https://lurchprint.de/wp-content/uploads/./vorschau_01_dkmdrm-150x150.webp
046-vorschau_01_dkmdrm-300.webp	13052	https://lurchprint.de/wp-content/uploads/./vorschau_01_dkmdrm-300.webp
047-vorschau_01_dkmdrm-600.webp	37702	https://lurchprint.de/wp-content/uploads/./vorschau_01_dkmdrm-600.webp
048-vorschau_02_dkmdrm-1200.webp	118936	https://lurchprint.de/wp-content/uploads/./vorschau_02_dkmdrm-1200.webp
049-vorschau_02_dkmdrm-150x150.webp	4380	https://lurchprint.de/wp-content/uploads/./vorschau_02_dkmdrm-150x150.webp
050-vorschau_02_dkmdrm-300.webp	11406	https://lurchprint.de/wp-content/uploads/./vorschau_02_dkmdrm-300.webp
051-vorschau_02_dkmdrm-600.webp	33396	https://lurchprint.de/wp-content/uploads/./vorschau_02_dkmdrm-600.webp
053-vorwort_dkmdrm-300.webp	8020	https://lurchprint.de/wp-content/uploads/./vorwort_dkmdrm-300.webp
054-vorwort_dkmdrm-600.webp	24594	https://lurchprint.de/wp-content/uploads/./vorwort_dkmdrm-600.webp
055-Cover-Front-150x150.webp	5694	https://lurchprint.de/wp-content/uploads/Cover-Front-150x150.webp
056-Cover-Front.webp	212536	https://lurchprint.de/wp-content/uploads/Cover-Front.webp
057-Cover-Ruecken-150x150.webp	5376	https://lurchprint.de/wp-content/uploads/Cover-Ruecken-150x150.webp
058-Cover-Ruecken.webp	258316	https://lurchprint.de/wp-content/uploads/Cover-Ruecken.webp
059-DHL_Logo-300.webp	2692	https://lurchprint.de/wp-content/uploads/DHL_Logo-300.webp
060-IMG_0245-150x150.webp	6196	https://lurchprint.de/wp-content/uploads/IMG_0245-150x150.webp
061-IMG_0245.webp	225340	https://lurchprint.de/wp-content/uploads/IMG_0245.webp
062-Logo.webp	53182	https://lurchprint.de/wp-content/uploads/Logo.webp
063-Lukas.webp	74526	https://lurchprint.de/wp-content/uploads/Lukas.webp
064-LurchPrint_logo.webp	13638	https://lurchprint.de/wp-content/uploads/LurchPrint_logo.webp
065-buchcover-150x150.webp	5566	https://lurchprint.de/wp-content/uploads/buchcover-150x150.webp
066-buchcover-600.webp	42958	https://lurchprint.de/wp-content/uploads/buchcover-600.webp
067-buchcover.webp	216274	https://lurchprint.de/wp-content/uploads/buchcover.webp
068-dkmdrm_foto_01-150x150.webp	6938	https://lurchprint.de/wp-content/uploads/dkmdrm_foto_01-150x150.webp
069-dkmdrm_foto_01.webp	210240	https://lurchprint.de/wp-content/uploads/dkmdrm_foto_01.webp
070-dkmdrm_foto_02-150x150.webp	7678	https://lurchprint.de/wp-content/uploads/dkmdrm_foto_02-150x150.webp
071-dkmdrm_foto_02.webp	220290	https://lurchprint.de/wp-content/uploads/dkmdrm_foto_02.webp
072-favicon-150x150.webp	3324	https://lurchprint.de/wp-content/uploads/favicon-150x150.webp
073-favicon.webp	5832	https://lurchprint.de/wp-content/uploads/favicon.webp
074-kind_01.webp	477730	https://lurchprint.de/wp-content/uploads/kind_01.webp
075-signal-2026-03-19-125231.webp	194560	https://lurchprint.de/wp-content/uploads/signal-2026-03-19-125231.webp
076-vorschau_01_dkmdrm-150x150.webp	4682	https://lurchprint.de/wp-content/uploads/vorschau_01_dkmdrm-150x150.webp
077-vorschau_01_dkmdrm.webp	142274	https://lurchprint.de/wp-content/uploads/vorschau_01_dkmdrm.webp
078-vorschau_02_dkmdrm-150x150.webp	4380	https://lurchprint.de/wp-content/uploads/vorschau_02_dkmdrm-150x150.webp
079-vorschau_02_dkmdrm.webp	190490	https://lurchprint.de/wp-content/uploads/vorschau_02_dkmdrm.webp
081-vorwort_dkmdrm.webp	54112	https://lurchprint.de/wp-content/uploads/vorwort_dkmdrm.webp
